Labels,xmin,ymin,xmax,ymax
truck,26,293,396,604
person,708,439,754,480
autorickshaw,999,414,1132,541
person,1177,419,1227,557
car,131,468,1277,963
truck,633,391,660,422
truck,674,399,692,425
autorickshaw,686,410,705,427
person,985,448,1030,579
person,172,436,271,703
truck,92,354,456,653
person,804,505,843,535
autorickshaw,1018,473,1171,601
person,1196,479,1249,604
car,265,521,1279,962
person,19,513,46,595
person,5,508,204,960
truck,617,385,653,425
truck,668,394,696,425
truck,662,379,689,414
truck,620,364,667,420
autorickshaw,677,393,696,416
truck,633,390,654,424
autorickshaw,697,404,717,436
truck,644,375,710,457
truck,647,370,675,408
truck,696,326,819,477
truck,619,376,657,434
truck,686,384,722,435
person,681,400,691,428
autorickshaw,717,398,747,435
truck,588,388,644,449
truck,668,394,724,451
autorickshaw,713,417,747,461
person,666,413,681,447
truck,584,372,671,474
truck,687,395,742,466
autorickshaw,735,416,795,479
person,681,423,701,460
motorcycle,629,424,636,433
rider,630,416,636,428
autorickshaw,826,404,892,484
truck,649,318,837,520
person,464,423,483,473
person,452,432,470,472
person,404,439,431,509
person,388,451,418,517
motorcycle,647,442,655,451
rider,645,434,654,448
truck,782,393,905,515
autorickshaw,945,426,1084,557
person,778,436,817,507
motorcycle,635,438,654,460
rider,631,424,650,451
truck,860,352,1108,582
person,939,423,1010,587
person,152,457,216,584
person,178,455,220,587
motorcycle,681,420,711,460
rider,681,398,711,459
motorcycle,1055,516,1215,757
rider,1063,402,1206,690
bus,485,412,519,457
bus,484,407,527,454
autorickshaw,496,383,506,395
car,509,383,519,396
bus,516,377,566,429
bicycle,478,412,483,421
rider,476,402,485,415
autorickshaw,549,409,562,426
bus,575,401,653,479
bicycle,524,441,530,453
rider,522,429,530,448
vehicle fallback,562,411,571,425
autorickshaw,592,390,609,407
vehicle fallback,616,377,641,411
bus,650,346,811,511
autorickshaw,613,386,631,406
vehicle fallback,639,365,675,405
bicycle,582,413,591,432
rider,581,398,594,428
autorickshaw,601,387,629,420
vehicle fallback,637,360,680,417
bicycle,569,416,587,441
rider,567,397,586,430
vehicle fallback,633,349,687,418
motorcycle,585,400,599,418
rider,587,385,600,409
bicycle,550,416,560,442
rider,545,387,563,431
autorickshaw,604,381,635,424
motorcycle,634,398,647,418
rider,634,385,646,405
vehicle fallback,678,340,772,456
motorcycle,756,422,792,475
vehicle fallback,644,408,658,432
bicycle,549,425,564,470
rider,546,397,573,459
motorcycle,652,421,670,461
rider,648,399,665,435
rider,649,403,674,453
autorickshaw,686,399,748,478
vehicle fallback,699,406,719,423
motorcycle,692,427,742,498
rider,692,413,735,487
bicycle,531,459,557,518
rider,522,403,561,511
vehicle fallback,748,229,1035,555
motorcycle,1041,502,1204,740
rider,1041,417,1105,659
rider,1057,416,1171,699
motorcycle,581,422,589,438
rider,581,414,591,433
motorcycle,604,431,613,445
rider,604,420,614,437
bicycle,228,528,321,696
rider,226,404,320,653
motorcycle,668,430,683,453
motorcycle,713,445,731,469
rider,668,421,683,446
rider,708,424,731,468
motorcycle,764,448,783,486
motorcycle,904,461,974,560
rider,757,430,787,473
rider,908,435,964,534
motorcycle,1136,489,1262,693
rider,1138,444,1190,624
rider,1158,447,1236,638
autorickshaw,815,474,825,487
bicycle,807,487,810,496
rider,806,481,815,490
truck,465,362,579,503
truck,687,390,870,552
person,370,449,388,481
car,275,475,382,564
person,355,465,401,566
autorickshaw,139,468,284,607
autorickshaw,23,459,217,631
autorickshaw,12,456,122,684
autorickshaw,1,471,60,703
motorcycle,62,517,202,728
vehicle fallback,623,406,629,414
autorickshaw,602,409,615,423
person,590,422,601,443
motorcycle,605,424,612,434
rider,604,418,613,433
motorcycle,1099,509,1218,672
rider,1099,443,1141,627
rider,1103,433,1216,631
person,509,404,524,448
vehicle fallback,595,378,610,395
car,621,380,632,389
person,591,393,598,409
vehicle fallback,623,391,632,405
person,566,400,575,429
car,631,361,653,382
motorcycle,598,369,609,382
motorcycle,684,386,704,414
bicycle,576,389,586,413
rider,599,363,610,377
rider,574,377,590,407
bicycle,545,406,564,452
rider,544,383,567,439
rider,684,378,704,405
car,547,394,563,411
motorcycle,509,403,516,412
rider,509,396,518,407
bicycle,461,433,477,472
rider,459,404,479,455
bicycle,205,516,280,660
rider,207,385,283,626
car,554,399,604,440
motorcycle,619,416,627,426
rider,618,407,627,420
truck,645,395,663,422
car,716,406,834,514
car,657,406,681,428
bicycle,491,469,511,520
rider,479,425,518,505
motorcycle,553,391,560,400
rider,553,380,563,395
truck,587,363,618,404
car,616,386,656,429
bicycle,259,496,318,612
rider,257,410,320,580
motorcycle,614,434,623,445
rider,614,425,622,441
car,662,426,671,445
truck,666,398,707,457
car,759,441,886,558
motorcycle,625,429,631,441
rider,625,421,632,432
car,667,411,699,443
truck,745,354,863,516
traffic sign,561,391,576,404
traffic sign,504,418,523,438
motorcycle,611,471,620,481
rider,609,463,622,472
car,672,433,732,499
traffic sign,472,364,504,402
motorcycle,670,444,680,456
rider,670,437,681,452
traffic sign,285,340,344,407
motorcycle,698,477,713,492
rider,696,463,713,485
motorcycle,794,470,805,481
rider,795,458,809,473
bus,843,377,947,505
bus,932,1,1278,783
person,388,455,417,520
motorcycle,935,444,952,466
rider,936,424,956,451
motorcycle,945,450,990,526
rider,945,424,989,510
car,727,410,736,421
autorickshaw,701,405,716,421
motorcycle,687,426,704,450
rider,687,419,704,444
motorcycle,1010,482,1088,610
rider,1013,442,1084,581
autorickshaw,644,390,661,412
car,672,400,690,416
motorcycle,647,425,659,441
rider,644,411,661,433
autorickshaw,583,411,597,432
car,618,421,635,440
motorcycle,583,445,596,462
rider,581,429,597,458
autorickshaw,587,391,601,411
bicycle,646,415,652,429
rider,642,402,654,421
car,679,415,739,469
motorcycle,570,421,588,438
rider,571,403,586,431
autorickshaw,580,393,598,413
motorcycle,566,421,582,442
motorcycle,667,420,682,440
rider,667,408,683,438
rider,564,407,581,435
car,933,544,1274,944
autorickshaw,593,411,609,427
motorcycle,570,437,587,457
rider,568,420,588,449
motorcycle,765,446,796,475
rider,768,426,797,474
car,663,468,1053,795
autorickshaw,605,406,620,426
motorcycle,585,432,601,455
rider,583,418,605,450
car,611,444,823,626
vehicle fallback,694,438,715,461
truck,721,435,740,461
person,567,468,600,554
truck,279,304,512,619
autorickshaw,823,458,928,609
person,320,487,389,724
truck,909,434,1238,776
autorickshaw,588,416,605,434
motorcycle,560,448,576,470
rider,556,427,577,461
car,607,448,761,569
autorickshaw,616,411,634,428
car,632,435,742,526
motorcycle,579,439,606,473
rider,580,427,605,467
car,645,432,732,505
motorcycle,571,444,599,472
rider,570,424,598,457
truck,617,387,632,407
autorickshaw,607,389,624,409
car,664,407,736,471
motorcycle,583,415,610,459
rider,583,401,610,452
autorickshaw,574,418,591,440
car,598,421,614,435
car,622,427,682,480
motorcycle,541,443,573,491
rider,538,425,571,476
autorickshaw,590,405,608,422
truck,622,390,651,421
motorcycle,542,421,581,479
car,645,402,663,413
car,630,409,677,451
rider,547,412,563,423
rider,541,409,580,464
car,578,424,594,439
car,601,412,643,451
truck,638,379,695,444
car,702,411,761,475
motorcycle,524,441,574,515
rider,537,411,557,439
rider,523,413,575,493
truck,578,424,604,449
truck,607,394,680,471
motorcycle,755,449,787,507
truck,772,275,1038,552
rider,748,416,785,491
car,582,436,617,472
motorcycle,485,437,534,488
motorcycle,536,473,600,563
rider,533,425,581,535
rider,529,423,601,541
vehicle fallback,656,447,676,470
truck,673,443,697,473
truck,703,454,727,478
person,867,486,902,569
person,489,483,535,599
truck,2,201,394,772
autorickshaw,536,407,557,427
car,567,415,591,445
car,523,419,561,453
car,581,417,604,449
bus,596,361,731,492
motorcycle,341,478,487,683
rider,380,424,429,479
rider,353,435,481,650
autorickshaw,606,415,623,433
car,594,429,625,455
car,635,427,667,466
car,666,424,707,467
motorcycle,770,472,825,561
rider,773,441,795,475
rider,771,449,828,545
motorcycle,375,478,517,681
rider,417,432,462,475
rider,380,442,509,642
bus,869,23,1277,843
autorickshaw,615,403,633,420
car,607,418,638,442
car,644,416,697,473
car,705,420,776,482
motorcycle,396,474,519,673
rider,403,427,468,492
rider,386,439,506,638
vehicle fallback,696,396,710,411
car,707,395,715,403
car,725,409,846,534
car,868,430,1062,583
car,639,411,666,440
motorcycle,441,473,586,703
rider,466,425,532,483
rider,443,436,574,660
vehicle fallback,666,404,683,422
car,623,426,642,447
motorcycle,792,458,836,519
rider,794,433,832,508
motorcycle,418,496,562,760
rider,422,436,507,508
rider,408,448,559,698
autorickshaw,570,389,590,408
car,559,405,586,426
vehicle fallback,616,387,631,401
motorcycle,165,504,374,844
rider,217,424,353,613
rider,151,451,368,775
vehicle fallback,556,389,570,404
autorickshaw,515,390,533,412
car,500,401,522,420
vehicle fallback,722,372,736,386
car,682,377,704,397
truck,648,451,674,491
person,255,508,365,764
person,1015,502,1077,639
truck,684,457,710,485
truck,749,392,767,414
vehicle fallback,731,401,744,413
car,706,402,728,425
truck,712,382,733,407
car,685,391,714,412
truck,706,389,726,417
autorickshaw,678,404,699,421
car,695,407,711,419
truck,697,403,720,432
autorickshaw,667,415,688,436
car,684,422,708,437
truck,685,419,708,452
autorickshaw,653,431,676,453
car,674,436,699,454
autorickshaw,646,443,671,472
truck,689,429,715,466
car,677,454,702,469
vehicle fallback,668,445,678,465
vehicle fallback,631,412,644,432
autorickshaw,616,406,644,437
truck,656,392,689,432
car,644,417,674,441
autorickshaw,564,386,590,422
truck,611,375,645,418
car,593,400,621,429
autorickshaw,523,407,556,450
truck,578,392,621,446
car,552,425,585,457
vehicle fallback,569,387,578,403
truck,600,363,653,417
motorcycle,661,402,675,421
rider,660,392,677,414
autorickshaw,539,377,576,422
motorcycle,520,406,531,420
rider,517,397,535,416
truck,635,447,669,483
truck,680,453,708,484
vehicle fallback,595,405,610,427
autorickshaw,562,391,605,451
truck,635,372,696,445
car,597,415,642,449
motorcycle,717,425,736,445
rider,715,413,734,443
motorcycle,541,431,555,447
rider,540,416,553,443
vehicle fallback,563,379,581,407
autorickshaw,520,361,572,433
autorickshaw,616,338,693,432
car,562,388,620,434
person,687,390,697,420
motorcycle,690,398,714,435
rider,691,388,717,431
vehicle fallback,593,395,614,430
autorickshaw,528,372,601,468
truck,663,342,761,465
car,591,411,667,470
motorcycle,767,425,797,477
rider,764,405,806,470
person,848,412,866,446
truck,614,385,645,434
truck,714,316,832,461
motorcycle,867,406,909,470
rider,873,389,912,458
person,929,399,950,433
motorcycle,949,432,1030,528
rider,959,387,1030,505
truck,541,354,621,477
car,619,400,712,481
vehicle fallback,689,386,727,449
autorickshaw,598,352,703,507
truck,796,314,954,484
car,689,412,819,516
motorcycle,935,429,1013,484
rider,962,401,980,441
motorcycle,958,424,1005,508
rider,962,390,1008,486
person,1105,398,1127,442
vehicle fallback,665,424,717,505
truck,793,340,960,541
autorickshaw,566,380,692,553
car,690,444,823,574
motorcycle,945,472,1023,540
rider,968,441,995,529
motorcycle,1017,474,1101,599
rider,1024,435,1101,570
rider,850,340,867,364
rider,879,338,915,374
truck,616,430,658,512
motorcycle,931,484,992,542
rider,1013,462,1047,505
truck,750,334,938,546
car,637,463,784,597
truck,511,387,629,569
person,1217,446,1239,482
vehicle fallback,586,411,639,532
autorickshaw,455,365,616,580
truck,774,277,1056,599
rider,868,257,903,311
rider,911,266,957,311
person,1050,454,1080,496
person,1124,461,1154,511
person,1151,466,1180,505
car,598,462,820,627
truck,636,428,685,485
autorickshaw,465,307,668,624
motorcycle,792,441,832,485
rider,787,419,837,468
person,861,412,892,465
person,920,412,952,491
person,1017,431,1056,493
person,886,414,910,491
car,526,475,1198,960
truck,538,444,575,486
vehicle fallback,436,417,560,541
autorickshaw,587,394,686,482
motorcycle,697,470,743,517
rider,706,459,725,504
car,532,477,754,674
person,823,447,843,507
rider,765,457,784,499
motorcycle,749,476,825,519
person,901,451,926,550
person,864,452,892,546
person,1022,479,1080,545
truck,550,345,635,448
autorickshaw,443,337,602,562
rider,687,407,723,445
person,1205,414,1269,507
person,1092,376,1175,568
car,479,432,930,804
vehicle fallback,1,325,317,844
motorcycle,1248,480,1277,606
vehicle fallback,525,405,560,449
truck,555,341,680,483
motorcycle,750,448,803,488
rider,754,419,802,483
autorickshaw,404,373,524,535
motorcycle,527,436,539,456
rider,520,416,541,450
car,463,475,936,863
vehicle fallback,2,437,154,878
vehicle fallback,651,392,684,433
autorickshaw,577,386,642,483
car,487,438,631,557
motorcycle,650,425,663,440
rider,648,407,663,431
truck,679,242,943,557
truck,645,451,669,487
truck,665,447,727,517
truck,758,409,786,448
car,797,434,821,479
truck,705,413,755,461
truck,809,373,885,491
car,660,453,774,545
truck,859,378,954,594
truck,899,1,1273,955
autorickshaw,568,385,616,459
motorcycle,524,428,558,474
rider,526,411,552,470
bus,646,380,704,438
autorickshaw,689,400,729,450
car,590,418,662,474
motorcycle,548,438,574,477
rider,551,406,575,466
autorickshaw,569,370,648,493
bus,681,350,802,474
autorickshaw,809,404,889,492
car,583,423,699,516
motorcycle,499,438,555,522
rider,502,411,550,503
truck,459,392,506,451
vehicle fallback,655,375,710,445
autorickshaw,557,353,672,527
car,566,441,742,580
bus,738,322,955,534
motorcycle,439,464,522,607
rider,436,426,516,580
rider,936,431,968,521
autorickshaw,957,404,1098,567
vehicle fallback,707,435,740,483
truck,657,431,697,477
truck,711,392,849,539
vehicle fallback,739,338,813,429
autorickshaw,593,298,768,483
bus,845,184,1280,592
car,574,414,872,655
motorcycle,329,462,478,726
rider,325,393,471,669
car,633,473,663,500
truck,664,430,775,544
truck,511,459,569,559
person,459,530,482,575
person,423,540,440,579
person,398,529,419,582
person,276,518,298,571
autorickshaw,532,450,631,554
car,510,522,686,665
motorcycle,251,568,441,880
rider,267,484,429,805
person,1,554,40,851
truck,641,439,674,487
truck,702,414,739,495
truck,606,447,666,508
truck,693,449,735,509
autorickshaw,728,477,769,517
person,685,473,703,508
truck,573,328,645,428
bus,634,313,829,502
bus,446,349,536,411
truck,438,389,497,455
truck,480,316,630,465
rider,401,386,445,449
motorcycle,315,430,368,515
rider,322,390,378,515
car,455,445,688,657
motorcycle,272,528,504,925
rider,289,409,424,616
rider,275,438,527,817
truck,608,436,686,525
truck,701,453,767,523
person,704,481,719,520
autorickshaw,760,476,806,531
autorickshaw,850,471,909,546
truck,691,376,867,575
autorickshaw,544,404,579,454
truck,592,368,648,442
motorcycle,539,439,557,464
rider,534,420,561,461
car,567,435,729,572
rider,372,418,435,484
motorcycle,355,475,472,669
rider,357,422,471,622
autorickshaw,526,407,561,443
truck,591,338,680,459
rider,513,420,535,444
car,495,431,624,535
motorcycle,232,513,411,798
rider,235,437,406,724
vehicle fallback,535,421,558,439
vehicle fallback,598,421,611,439
motorcycle,510,438,531,464
rider,512,429,532,459
rider,558,423,569,438
car,520,433,591,499
motorcycle,1,572,118,962
rider,2,549,107,929
truck,1225,0,1279,679
autorickshaw,649,407,675,434
vehicle fallback,717,425,738,443
rider,624,425,636,445
motorcycle,621,443,632,458
car,628,428,678,472
autorickshaw,646,418,676,440
motorcycle,627,449,645,469
rider,627,428,645,456
vehicle fallback,729,433,749,461
car,646,434,698,481
motorcycle,749,447,770,471
rider,744,431,770,463
vehicle fallback,659,489,681,514
truck,804,448,924,570
autorickshaw,971,481,1120,604
person,808,490,837,569
autorickshaw,603,409,632,441
person,593,416,598,436
person,578,413,588,443
car,653,415,699,457
motorcycle,600,422,626,456
rider,605,411,624,451
motorcycle,1077,463,1216,649
rider,1095,407,1145,539
rider,1113,414,1204,628
car,556,432,567,444
autorickshaw,573,428,607,461
car,616,437,664,473
bicycle,543,457,557,480
rider,537,433,560,473
motorcycle,591,444,618,482
rider,592,432,616,476
autorickshaw,573,407,594,442
car,608,413,654,449
motorcycle,585,432,603,458
rider,582,410,605,449
bicycle,532,441,543,472
rider,529,408,553,457
autorickshaw,538,417,564,448
motorcycle,600,415,609,428
truck,847,353,983,459
car,563,411,581,428
motorcycle,522,431,550,473
rider,523,422,542,458
rider,519,422,553,467
car,562,416,601,447
bicycle,355,468,401,594
rider,345,412,404,554
car,650,412,678,439
autorickshaw,619,405,653,437
car,596,410,622,432
motorcycle,700,420,715,438
rider,700,410,717,430
motorcycle,573,429,605,469
rider,575,412,597,460
rider,580,414,605,465
vehicle fallback,599,431,614,451
car,549,434,574,456
truck,606,427,638,462
motorcycle,577,453,602,501
motorcycle,716,444,738,477
rider,714,429,738,469
motorcycle,764,457,799,518
rider,756,437,801,504
car,633,434,664,469
motorcycle,577,452,604,502
rider,573,438,609,492
person,207,522,249,633
person,235,516,281,638
motorcycle,657,498,673,516
rider,656,486,669,510
truck,898,418,1123,624
person,994,492,1043,639
autorickshaw,537,398,567,446
truck,583,378,624,437
autorickshaw,669,407,713,463
car,235,431,401,548
person,985,403,1019,500
person,1017,407,1044,493
autorickshaw,850,408,985,573
motorcycle,579,434,620,496
rider,588,414,602,431
rider,584,416,618,475
autorickshaw,537,411,564,452
truck,597,375,654,450
car,559,425,589,452
autorickshaw,804,405,928,550
motorcycle,570,439,611,505
rider,572,418,614,493
truck,542,398,559,417
truck,572,394,596,424
car,551,408,580,437
car,587,408,616,448
car,523,402,537,417
truck,602,355,691,453
motorcycle,520,423,563,494
rider,523,402,549,440
rider,519,404,564,477
car,631,403,645,418
truck,719,385,777,450
autorickshaw,644,402,672,433
motorcycle,598,443,651,525
car,664,411,700,439
vehicle fallback,707,408,725,432
rider,602,420,629,448
rider,596,421,652,507
car,580,405,595,421
vehicle fallback,595,401,621,420
car,636,410,668,440
motorcycle,705,424,724,448
rider,705,413,721,432
truck,725,360,854,493
motorcycle,574,443,639,530
rider,589,420,607,448
rider,576,423,629,516
car,522,403,533,416
car,578,406,607,433
autorickshaw,529,396,554,426
motorcycle,745,435,776,486
rider,744,405,778,479
motorcycle,528,459,573,522
rider,539,404,555,427
rider,519,407,581,502
motorcycle,710,478,741,521
rider,707,461,735,513
autorickshaw,504,407,535,442
car,546,413,574,442
motorcycle,445,446,508,554
motorcycle,580,423,586,435
rider,574,413,587,432
rider,448,422,476,452
rider,436,426,507,534
autorickshaw,550,402,584,441
motorcycle,657,426,674,446
car,581,416,611,442
rider,657,413,676,442
motorcycle,464,450,538,557
rider,472,414,506,444
rider,461,424,534,541
autorickshaw,543,403,572,437
vehicle fallback,592,410,605,425
car,569,411,595,435
motorcycle,720,427,747,469
rider,721,411,751,461
motorcycle,463,450,545,566
rider,479,417,533,476
rider,454,419,531,545
truck,596,411,616,436
motorcycle,628,426,641,442
rider,625,420,638,436
motorcycle,653,432,674,465
truck,555,410,579,448
car,583,421,601,444
motorcycle,441,458,525,603
rider,445,420,496,513
rider,438,430,528,571
rider,649,418,676,459
vehicle fallback,603,395,626,419
truck,633,391,660,422
motorcycle,882,444,969,569
rider,885,408,934,444
rider,885,414,958,545
car,615,412,639,427
autorickshaw,583,407,613,436
motorcycle,338,472,465,672
rider,370,429,418,481
rider,347,439,457,627
truck,642,423,665,448
autorickshaw,610,430,640,467
truck,662,417,689,453
car,636,440,658,455
motorcycle,332,503,463,728
rider,357,455,412,508
rider,331,469,463,692
truck,668,389,682,413
car,655,402,677,420
truck,677,375,713,423
autorickshaw,628,388,659,429
motorcycle,377,477,542,745
rider,406,419,483,483
rider,380,434,541,698
motorcycle,1123,570,1279,811
rider,1138,480,1267,771
car,646,418,659,438
truck,653,401,666,432
autorickshaw,618,403,650,444
truck,661,382,719,450
motorcycle,402,493,576,794
rider,406,416,556,568
rider,380,435,570,729
autorickshaw,608,397,635,433
truck,648,381,681,427
truck,672,350,765,466
motorcycle,382,499,574,837
rider,389,431,508,541
rider,372,451,558,765
autorickshaw,612,396,640,425
autorickshaw,655,399,666,423
truck,660,370,701,427
motorcycle,759,410,783,440
traffic sign,590,388,600,401
truck,771,108,1279,699
motorcycle,378,508,575,831
rider,378,422,502,545
rider,365,441,572,783
truck,574,406,608,442
traffic sign,528,399,547,415
autorickshaw,690,409,782,516
truck,779,116,1261,645
motorcycle,554,434,567,452
rider,551,423,567,449
motorcycle,323,509,512,841
rider,325,426,446,631
rider,304,449,507,755
motorcycle,266,529,479,881
rider,278,439,452,711
rider,247,457,476,785
traffic sign,466,411,493,436
truck,536,432,558,465
truck,561,421,606,462
autorickshaw,583,441,606,468
person,530,440,540,461
motorcycle,510,459,523,475
rider,505,444,524,479
autorickshaw,517,434,541,467
truck,586,416,637,475
autorickshaw,606,441,635,479
motorcycle,500,469,516,493
rider,489,448,516,489
traffic sign,414,402,448,437
motorcycle,169,538,398,941
rider,219,451,377,657
rider,154,475,392,839
autorickshaw,485,395,505,427
car,544,404,578,430
bicycle,537,419,547,435
rider,535,406,547,423
truck,688,292,891,532
autorickshaw,810,395,980,598
motorcycle,407,461,454,519
rider,392,412,455,509
motorcycle,119,525,394,944
rider,163,428,363,636
rider,120,448,388,848
bus,504,477,540,515
autorickshaw,451,403,473,429
car,567,398,622,452
bicycle,482,424,491,441
rider,477,406,492,429
motorcycle,178,528,420,944
motorcycle,2,509,92,736
rider,218,423,407,653
rider,166,448,405,867
rider,2,517,83,728
bicycle,454,434,463,454
rider,447,413,465,437
autorickshaw,493,411,520,448
car,680,404,862,568
motorcycle,83,538,356,964
rider,148,443,337,663
rider,69,462,353,872
autorickshaw,576,396,636,460
bicycle,455,423,466,449
rider,450,399,468,434
motorcycle,42,529,311,962
rider,105,424,295,648
rider,35,447,307,886
bicycle,445,445,464,479
rider,442,414,465,468
autorickshaw,875,384,1135,704
motorcycle,4,535,255,945
rider,63,437,244,644
rider,2,463,248,842
autorickshaw,330,390,355,419
bicycle,428,431,448,476
rider,422,396,451,461
motorcycle,57,527,310,940
rider,127,431,290,633
rider,51,447,293,825
car,502,402,521,417
truck,475,387,507,414
truck,435,381,477,425
autorickshaw,384,399,410,427
bicycle,398,460,421,517
rider,387,407,434,513
motorcycle,4,528,213,945
rider,34,438,201,627
rider,5,454,186,806
truck,514,382,549,432
truck,459,379,520,440
bicycle,317,496,354,598
rider,307,409,372,581
motorcycle,62,545,310,950
rider,113,439,283,645
rider,43,469,292,838
car,601,416,621,438
truck,561,381,605,444
truck,498,364,572,451
motorcycle,240,513,459,896
rider,290,434,429,610
rider,226,444,459,813
truck,692,313,861,509
motorcycle,188,527,401,843
rider,247,437,386,610
rider,186,450,400,783
car,741,420,781,484
truck,765,224,1071,581
motorcycle,424,485,595,772
rider,422,416,520,523
rider,406,441,586,719
car,489,465,508,486
bus,505,472,548,517
autorickshaw,898,428,922,463
motorcycle,846,452,860,474
rider,848,436,864,461
motorcycle,337,497,529,780
rider,375,416,445,503
rider,331,436,508,724
autorickshaw,854,400,876,429
car,872,403,883,414
motorcycle,828,441,881,520
rider,831,408,880,503
motorcycle,243,522,444,812
rider,295,439,418,608
rider,234,450,417,770
autorickshaw,691,420,712,447
rider,673,421,680,435
bicycle,676,431,677,440
motorcycle,132,535,328,887
rider,178,438,313,619
rider,117,455,329,799
car,587,442,595,455
autorickshaw,591,440,612,461
car,531,426,538,442
autorickshaw,556,421,577,447
car,574,427,580,440
bicycle,414,422,420,435
rider,414,413,420,431
autorickshaw,427,409,451,440
car,463,416,492,441
autorickshaw,592,427,616,459
car,651,439,702,475
rider,572,435,583,451
bicycle,574,447,579,458
autorickshaw,556,409,586,437
bicycle,533,423,539,438
rider,532,409,541,427
autorickshaw,609,411,618,426
car,681,422,816,534
vehicle fallback,620,414,631,432
autorickshaw,554,388,582,419
bicycle,518,410,527,425
rider,516,398,528,415
vehicle fallback,613,405,628,422
autorickshaw,580,389,609,419
motorcycle,638,409,654,430
rider,636,392,656,427
bicycle,526,408,536,426
rider,524,392,538,418
autorickshaw,624,405,654,441
autorickshaw,676,413,700,441
motorcycle,717,435,763,504
rider,716,413,739,440
rider,721,420,766,488
bicycle,544,435,555,455
rider,539,416,556,447
autorickshaw,664,426,695,457
autorickshaw,731,428,761,466
motorcycle,786,442,808,464
motorcycle,636,438,650,457
person,614,435,623,460
bicycle,569,462,588,502
rider,563,430,592,490
autorickshaw,636,415,664,452
motorcycle,607,428,622,452
person,578,423,591,457
autorickshaw,779,423,841,495
bicycle,535,476,565,550
rider,523,422,569,525
vehicle fallback,529,406,540,420
motorcycle,735,443,777,483
autorickshaw,482,402,513,446
motorcycle,445,422,468,455
person,401,414,416,455
autorickshaw,555,405,589,447
vehicle fallback,628,412,645,426
motorcycle,1023,454,1115,562
motorcycle,492,429,522,473
person,436,419,460,477
autorickshaw,566,393,601,439
motorcycle,444,424,498,508
person,329,408,371,508
vehicle fallback,613,419,628,432
motorcycle,567,427,576,437
rider,565,420,574,433
autorickshaw,522,405,562,455
vehicle fallback,681,431,698,442
bicycle,624,441,632,453
rider,624,431,635,444
autorickshaw,590,418,626,464
truck,686,413,717,445
autorickshaw,649,406,685,456
vehicle fallback,708,419,721,432
autorickshaw,687,406,726,452
motorcycle,672,432,682,447
rider,667,419,685,441
autorickshaw,654,396,667,412
autorickshaw,663,390,699,437
bicycle,632,414,643,435
rider,629,397,642,429
car,577,405,594,421
autorickshaw,588,394,632,442
bicycle,563,430,574,448
rider,560,406,576,435
motorcycle,581,410,588,421
rider,581,403,588,417
bicycle,508,435,524,464
rider,506,407,528,457
autorickshaw,545,394,582,447
autorickshaw,531,404,571,451
motorcycle,589,423,598,433
rider,588,414,596,426
bicycle,460,445,487,502
rider,460,410,486,485
bus,567,435,591,464
motorcycle,610,452,628,468
rider,612,445,626,468
bicycle,366,511,395,592
rider,359,443,413,571
autorickshaw,526,428,574,487
bus,574,425,600,451
motorcycle,635,444,654,474
rider,634,433,654,471
autorickshaw,528,414,573,472
car,617,432,630,448
bus,631,420,661,457
autorickshaw,580,418,622,475
motorcycle,799,463,868,564
rider,797,433,857,544
car,641,431,658,446
bus,661,397,711,452
autorickshaw,593,405,639,466
car,660,411,682,431
autorickshaw,613,377,658,438
vehicle fallback,696,411,705,431
bus,700,359,796,455
autorickshaw,581,401,625,451
car,635,418,661,444
motorcycle,698,417,724,449
rider,702,397,729,444
bus,938,65,1277,807
autorickshaw,606,451,628,470
vehicle fallback,632,440,657,473
bus,676,415,841,569
autorickshaw,559,371,605,444
car,644,401,705,456
car,1073,468,1277,886
autorickshaw,581,396,627,466
car,988,448,1278,776
autorickshaw,579,377,627,446
vehicle fallback,585,387,611,416
truck,534,383,583,453
autorickshaw,591,404,610,425
vehicle fallback,610,399,631,425
autorickshaw,535,396,615,510
vehicle fallback,633,396,654,429
autorickshaw,672,425,709,469
vehicle fallback,632,404,673,448
person,901,438,919,471
vehicle fallback,629,445,654,468
vehicle fallback,657,432,691,468
bicycle,603,476,613,492
rider,600,461,614,490
vehicle fallback,347,399,372,425
truck,372,354,453,456
animal,265,432,320,535
animal,4,537,203,932
animal,168,668,385,964
animal,703,555,1128,961
animal,1,554,342,963
autorickshaw,620,448,644,476
vehicle fallback,653,429,696,477
bicycle,594,475,606,496
rider,591,461,606,487
truck,48,375,95,497
truck,4,339,71,511
truck,1129,269,1278,578
animal,898,475,1029,638
car,843,439,867,465
person,793,434,808,474
bus,874,370,1005,503
bicycle,746,455,773,486
rider,738,445,762,487
truck,996,215,1263,625
animal,1170,620,1265,956
truck,553,399,596,461
truck,592,344,688,497
car,564,437,601,491
bus,664,248,1066,624
bicycle,477,464,494,511
motorcycle,406,455,454,492
rider,459,449,491,498
person,57,442,95,497
car,173,371,318,442
person,285,403,305,463
person,83,447,131,516
person,320,403,346,487
motorcycle,433,408,490,461
rider,415,400,457,454
car,566,394,587,412
person,489,394,510,453
bicycle,560,416,581,472
rider,538,397,577,470
vehicle fallback,609,375,651,415
truck,644,337,732,442
truck,687,345,801,482
car,709,390,886,545
truck,826,1,1280,882
vehicle fallback,648,406,705,477
motorcycle,611,464,619,474
rider,610,450,618,468
bicycle,577,476,589,504
rider,574,450,591,485
autorickshaw,624,448,656,488
autorickshaw,96,369,114,386
car,174,368,217,406
bus,221,309,332,447
person,449,372,488,494
motorcycle,105,387,164,470
rider,113,369,143,402
rider,106,371,160,454
vehicle fallback,5,428,40,522
rider,0,388,30,471
vehicle fallback,594,480,609,495
motorcycle,624,485,637,502
bicycle,603,484,613,497
rider,603,476,613,488
rider,629,479,638,494
bicycle,330,577,404,739
rider,326,473,416,689
vehicle fallback,672,486,688,502
motorcycle,732,500,748,526
rider,732,482,750,514
motorcycle,686,491,700,511
rider,685,482,697,507
vehicle fallback,705,496,727,509
motorcycle,781,503,805,536
motorcycle,933,520,993,614
rider,782,489,805,532
rider,934,498,988,602
vehicle fallback,688,491,717,514
motorcycle,1163,538,1274,723
rider,1172,502,1219,662
rider,1184,508,1259,696
vehicle fallback,748,489,756,502
motorcycle,842,529,861,550
rider,842,511,859,542
vehicle fallback,729,507,739,521
vehicle fallback,718,509,726,523
vehicle fallback,610,441,624,460
vehicle fallback,635,449,651,467
person,536,473,548,510
bicycle,589,480,597,496
rider,586,464,597,488
motorcycle,610,464,615,471
rider,610,456,616,465
vehicle fallback,650,478,658,496
car,669,481,682,496
person,536,507,556,571
bicycle,619,524,629,544
rider,616,505,628,532
vehicle fallback,681,495,692,511
vehicle fallback,640,495,654,512
car,646,419,668,440
vehicle fallback,616,426,627,444
motorcycle,704,456,720,472
rider,705,440,719,465
bicycle,597,454,607,476
rider,595,439,613,468
bicycle,579,477,592,509
rider,574,447,599,496
autorickshaw,541,455,557,475
car,565,451,582,473
car,583,464,624,500
motorcycle,530,467,538,476
rider,530,458,538,473
bicycle,495,497,510,527
rider,493,466,516,523
bicycle,307,580,347,709
rider,294,461,374,689
car,745,472,865,569
vehicle fallback,637,456,660,485
truck,659,459,679,486
motorcycle,636,478,642,483
rider,635,468,643,479
car,673,469,700,494
bicycle,533,526,559,579
rider,524,489,559,568
motorcycle,572,450,580,461
rider,572,442,579,452
truck,605,424,633,462
car,638,448,676,487
bicycle,336,557,388,663
rider,330,474,394,619
motorcycle,630,493,638,501
rider,628,483,638,497
car,678,480,690,499
truck,683,457,728,510
car,790,494,910,604
motorcycle,643,490,650,503
rider,642,482,650,496
car,678,469,713,503
truck,761,420,886,568
traffic sign,530,477,550,498
motorcycle,630,530,636,538
rider,629,518,636,532
car,691,491,752,555
traffic sign,505,432,534,462
motorcycle,688,506,697,516
rider,685,496,698,510
motorcycle,809,523,819,537
rider,811,510,821,530
bus,855,438,957,558
bus,963,49,1278,783
person,432,520,464,576
vehicle fallback,972,486,986,500
motorcycle,954,504,968,522
rider,953,483,971,520
autorickshaw,1064,462,1081,487
motorcycle,974,510,1016,577
rider,973,484,1015,568
autorickshaw,901,466,916,489
motorcycle,862,500,878,516
rider,864,488,873,502
motorcycle,953,508,973,545
rider,954,490,970,524
motorcycle,997,530,1058,634
rider,994,501,1056,613
autorickshaw,715,464,731,482
car,737,462,756,483
motorcycle,707,491,720,510
rider,706,479,722,502
motorcycle,1043,542,1117,652
rider,1041,501,1110,619
autorickshaw,663,456,677,477
car,686,463,707,481
motorcycle,666,488,682,505
rider,664,475,684,498
autorickshaw,600,473,616,493
car,633,482,657,501
motorcycle,604,501,620,519
rider,603,488,621,511
autorickshaw,619,461,635,479
car,671,472,698,501
motorcycle,616,489,632,507
rider,613,472,633,497
vehicle fallback,650,451,662,464
autorickshaw,601,452,619,473
motorcycle,687,479,703,497
rider,688,470,701,494
motorcycle,588,485,603,503
rider,584,466,607,497
car,1067,656,1275,942
autorickshaw,612,470,629,492
motorcycle,594,497,608,520
rider,591,482,614,514
motorcycle,792,510,820,558
rider,789,489,822,553
car,744,531,1151,844
autorickshaw,605,477,619,494
motorcycle,587,508,601,528
rider,583,486,604,526
car,660,503,802,634
autorickshaw,633,471,650,490
car,669,493,776,583
motorcycle,607,504,629,531
rider,605,485,632,524
car,672,491,757,562
autorickshaw,618,467,632,486
motorcycle,600,502,621,531
rider,598,485,622,520
vehicle fallback,631,452,649,471
car,693,471,765,528
motorcycle,610,487,640,520
rider,610,464,639,509
autorickshaw,590,481,608,503
car,616,482,631,498
car,646,494,711,540
motorcycle,574,503,607,550
rider,572,489,603,547
truck,634,448,666,482
autorickshaw,600,460,623,484
motorcycle,579,498,607,537
rider,576,468,611,526
car,651,468,700,514
vehicle fallback,632,468,656,497
truck,657,452,706,486
car,696,468,734,505
car,656,477,703,517
motorcycle,600,508,640,553
rider,600,471,639,547
vehicle fallback,609,454,658,506
motorcycle,683,492,698,521
rider,682,476,696,499
truck,691,428,779,530
car,619,486,661,528
motorcycle,565,536,617,601
rider,583,479,598,503
rider,565,480,620,582
vehicle fallback,526,490,541,512
bus,567,471,601,515
truck,640,411,751,545
car,588,481,632,529
bicycle,501,512,525,560
motorcycle,393,499,476,581
person,191,470,223,529
rider,482,486,518,569
motorcycle,519,518,609,677
rider,533,484,571,517
rider,512,490,608,641
vehicle fallback,558,494,577,513
bus,616,471,679,535
car,678,474,758,559
car,568,489,612,535
motorcycle,547,541,667,736
rider,561,499,626,605
rider,547,501,676,686
bicycle,408,566,459,679
rider,372,499,453,676
animal,293,670,386,709
motorcycle,117,532,301,740
bicycle,3,573,230,747
truck,853,145,1280,756
autorickshaw,622,467,639,487
car,654,482,688,520
car,615,479,646,515
car,680,488,727,525
motorcycle,475,538,591,731
rider,498,488,543,533
rider,474,498,586,695
motorcycle,805,528,865,613
rider,807,491,827,524
rider,805,504,864,593
bus,942,159,1262,857
car,629,481,655,503
car,667,474,722,533
car,731,479,800,542
motorcycle,472,539,597,731
rider,506,489,544,535
rider,469,499,587,692
autorickshaw,629,461,649,481
autorickshaw,662,460,678,480
car,655,477,683,503
motorcycle,752,494,770,523
rider,752,482,770,513
car,764,468,878,592
car,895,492,1092,639
motorcycle,535,537,661,751
rider,545,485,613,556
rider,536,496,653,694
car,637,479,661,510
motorcycle,819,516,860,580
rider,813,493,857,570
motorcycle,511,559,669,805
rider,528,498,605,582
rider,509,510,649,762
car,583,458,604,482
autorickshaw,593,448,610,469
car,613,449,628,464
motorcycle,305,556,503,911
rider,297,492,478,649
rider,292,509,493,831
vehicle fallback,569,452,583,468
autorickshaw,535,456,550,474
car,517,463,543,484
autorickshaw,733,430,750,449
truck,713,425,731,450
car,697,441,719,461
truck,759,450,778,481
car,721,461,747,486
truck,728,435,747,466
car,695,447,723,472
truck,722,454,740,476
autorickshaw,697,463,714,485
car,710,466,729,483
autorickshaw,686,475,703,498
truck,709,467,732,495
car,701,486,720,502
autorickshaw,669,488,691,509
truck,697,480,723,509
car,689,493,711,514
autorickshaw,638,477,661,502
truck,676,458,707,499
car,658,486,689,504
autorickshaw,583,450,608,486
truck,626,439,669,484
car,610,465,641,491
autorickshaw,540,466,578,514
truck,598,455,643,508
car,572,486,610,520
motorcycle,543,467,552,479
rider,540,456,554,472
vehicle fallback,587,448,598,462
autorickshaw,563,436,594,483
truck,619,420,667,481
car,590,455,625,488
motorcycle,678,461,692,481
rider,677,448,694,472
autorickshaw,585,455,627,511
motorcycle,563,490,580,511
rider,561,475,579,497
vehicle fallback,620,468,633,487
truck,659,439,719,505
car,623,476,666,511
motorcycle,732,485,754,505
rider,731,472,752,501
person,768,477,785,503
autorickshaw,550,425,596,494
truck,642,408,714,489
vehicle fallback,592,441,605,466
motorcycle,712,461,735,493
rider,718,445,735,482
car,590,453,645,497
vehicle fallback,617,458,644,487
autorickshaw,564,436,629,525
truck,688,402,783,523
car,622,468,696,530
motorcycle,793,483,829,537
rider,788,460,827,528
person,863,474,883,513
person,857,468,873,504
vehicle fallback,647,446,680,494
autorickshaw,573,420,664,541
truck,733,374,864,530
motorcycle,893,468,935,529
rider,894,446,936,513
person,990,444,1013,486
motorcycle,987,490,1065,586
car,653,465,752,545
rider,988,446,1062,572
vehicle fallback,719,448,758,515
autorickshaw,631,414,751,566
truck,823,372,978,541
motorcycle,993,484,1041,557
car,736,472,867,580
motorcycle,975,481,1001,533
rider,981,459,1005,514
rider,993,447,1037,536
vehicle fallback,721,498,749,564
car,620,460,733,622
truck,821,428,981,601
rider,882,415,898,434
rider,913,411,935,435
motorcycle,980,533,1051,597
motorcycle,1066,537,1146,657
rider,993,513,1031,594
rider,1072,504,1121,631
car,733,526,862,634
person,1067,520,1086,548
person,1144,530,1161,555
person,1121,534,1143,565
person,980,509,996,545
vehicle fallback,663,492,704,594
autorickshaw,554,447,681,627
truck,796,394,969,616
car,683,523,836,656
motorcycle,958,534,1023,602
rider,962,507,993,588
person,1038,517,1073,557
person,1092,525,1115,569
person,1232,498,1256,540
vehicle fallback,645,480,677,610
autorickshaw,515,429,666,639
rider,716,498,743,528
person,1078,508,1099,552
person,1145,522,1175,563
person,1167,513,1194,561
person,1104,522,1124,557
truck,811,366,1083,643
rider,906,323,946,368
rider,953,334,990,374
car,666,521,877,695
person,805,486,831,529
motorcycle,739,516,779,533
rider,741,485,772,530
motorcycle,683,518,708,543
rider,682,496,711,539
vehicle fallback,627,472,671,610
person,841,488,861,532
person,905,496,925,538
autorickshaw,451,394,643,683
truck,942,150,1273,831
rider,1209,164,1259,240
car,635,532,976,798
person,881,469,908,516
person,914,469,939,546
person,943,464,973,544
person,1049,491,1076,544
motorcycle,817,492,873,556
rider,823,471,873,548
autorickshaw,520,369,752,683
car,683,538,1275,963
truck,586,494,638,551
vehicle fallback,470,483,595,613
car,638,471,726,537
motorcycle,836,523,916,585
rider,837,518,859,550
person,959,502,980,551
person,909,507,928,560
person,1044,512,1078,627
person,996,508,1033,627
car,587,532,761,680
truck,591,473,631,537
autorickshaw,629,445,728,562
vehicle fallback,425,447,588,631
motorcycle,914,532,1017,599
motorcycle,798,531,861,609
person,889,505,926,590
rider,809,509,850,588
car,621,529,794,680
person,1222,509,1268,687
rider,486,472,513,494
car,560,461,574,480
truck,570,430,619,518
car,587,406,726,610
vehicle fallback,526,459,562,503
vehicle fallback,247,421,527,690
car,612,506,874,705
person,1013,454,1038,555
motorcycle,1096,499,1187,588
motorcycle,1010,512,1138,638
rider,1013,470,1056,556
rider,1034,474,1092,605
truck,588,410,660,525
motorcycle,480,502,499,522
rider,475,475,498,519
rider,716,468,750,508
autorickshaw,498,407,645,633
vehicle fallback,5,412,423,886
car,598,499,1047,875
person,1129,436,1208,624
vehicle fallback,597,396,628,443
autorickshaw,508,385,595,482
truck,642,313,800,504
motorcycle,950,464,1035,611
rider,951,418,1026,573
car,482,452,727,644
vehicle fallback,4,400,120,941
vehicle fallback,774,477,799,496
motorcycle,776,494,789,511
rider,776,487,789,501
truck,724,471,779,512
car,700,510,809,600
car,816,499,839,537
truck,830,435,917,549
truck,901,443,1000,649
truck,982,1,1278,802
autorickshaw,738,474,755,494
truck,765,471,786,491
car,662,462,706,509
person,646,487,659,531
car,754,489,794,554
car,649,504,739,584
truck,789,387,961,587
car,639,445,680,487
autorickshaw,693,449,718,478
car,716,451,737,479
car,796,484,966,626
rider,633,454,643,477
motorcycle,615,480,633,508
rider,614,463,633,500
car,628,480,708,545
person,592,471,613,515
truck,939,54,1279,930
autorickshaw,585,456,614,498
car,603,455,644,513
car,638,469,666,492
autorickshaw,665,462,697,495
car,618,484,686,541
motorcycle,559,484,580,517
rider,559,471,583,511
person,476,494,511,591
truck,511,462,549,520
bus,667,436,725,501
autorickshaw,714,461,755,508
car,594,452,640,519
car,623,472,688,533
motorcycle,558,493,583,536
rider,557,473,586,521
bus,708,448,793,523
autorickshaw,781,475,841,538
motorcycle,626,511,633,530
rider,627,483,638,513
motorcycle,596,515,623,558
rider,593,482,626,544
autorickshaw,630,459,697,550
car,666,489,743,556
truck,486,458,537,516
autorickshaw,607,436,684,555
car,684,474,716,491
bus,713,412,828,532
autorickshaw,838,459,910,549
vehicle fallback,816,487,836,523
person,829,471,847,528
motorcycle,587,490,611,538
motorcycle,544,497,590,577
rider,586,467,612,518
rider,544,468,596,560
car,622,482,736,572
truck,477,455,536,522
car,607,409,720,587
bus,782,384,985,588
car,624,497,796,633
person,979,481,1004,573
autorickshaw,994,458,1140,620
motorcycle,505,525,589,661
rider,507,480,581,621
truck,676,435,739,499
car,730,478,769,504
vehicle fallback,791,399,846,483
autorickshaw,654,356,813,565
bus,903,250,1267,642
car,644,477,941,702
motorcycle,430,523,575,782
rider,432,456,568,730
truck,872,480,933,535
vehicle fallback,808,466,843,533
person,622,481,668,592
autorickshaw,647,384,818,596
car,617,525,1062,889
bus,975,157,1277,885
motorcycle,218,580,491,963
rider,237,471,460,927
person,495,462,533,549
car,855,489,883,523
bus,778,459,850,541
vehicle fallback,785,438,836,462
autorickshaw,672,427,776,481
car,583,457,839,693
autorickshaw,1065,420,1277,719
motorcycle,362,556,574,944
rider,358,449,569,863
bus,671,436,702,475
person,483,472,501,508
motorcycle,670,490,688,523
rider,665,455,689,492
autorickshaw,499,384,686,666
truck,715,391,784,517
person,246,487,295,643
bus,762,344,926,622
truck,845,1,1279,890
car,517,515,907,859
motorcycle,4,645,243,960
rider,6,511,234,956
person,452,478,469,515
motorcycle,441,504,500,539
rider,461,484,486,529
truck,692,434,726,462
bus,707,444,752,502
autorickshaw,754,457,782,494
autorickshaw,789,472,853,538
motorcycle,800,508,865,607
rider,797,480,870,584
truck,859,135,1280,733
car,626,444,712,516
car,585,511,802,705
rider,621,464,775,737
motorcycle,608,547,770,827
motorcycle,303,569,484,916
rider,309,494,470,824
car,633,451,704,527
truck,680,436,706,462
bus,693,449,749,509
autorickshaw,816,474,892,560
car,925,483,990,568
motorcycle,872,532,967,688
rider,871,484,977,651
car,621,500,770,618
truck,949,2,1279,862
motorcycle,421,508,482,551
person,431,481,446,517
rider,440,486,470,533
motorcycle,529,513,607,639
motorcycle,439,553,560,768
rider,443,487,555,718
person,249,512,273,570
rider,121,492,372,960
rider,10,524,379,961
vehicle fallback,748,472,767,497
person,822,486,840,536
bus,670,439,743,506
car,592,445,656,515
car,627,449,714,533
truck,635,434,676,456
truck,576,477,609,513
motorcycle,568,508,624,589
rider,572,483,617,572
car,618,506,724,616
motorcycle,651,574,845,907
rider,662,487,773,693
rider,660,503,863,828
car,1047,481,1222,618
motorcycle,387,557,525,794
rider,390,498,517,740
motorcycle,268,527,359,583
person,286,495,308,538
rider,301,494,336,578
truck,576,394,670,428
bus,661,372,858,570
person,855,470,870,528
car,487,412,572,494
car,541,381,680,511
rider,452,447,511,568
motorcycle,447,491,511,592
motorcycle,381,497,462,617
rider,480,464,508,511
rider,391,448,476,595
car,570,501,763,720
motorcycle,422,594,665,963
rider,447,477,580,730
rider,424,495,683,883
motorcycle,1,660,196,961
rider,1,536,176,960
truck,616,376,728,505
vehicle fallback,431,406,578,536
bus,732,306,1148,669
motorcycle,336,501,434,651
rider,336,457,425,620
motorcycle,431,492,506,608
rider,428,446,486,590
autorickshaw,542,379,685,515
car,471,506,778,781
motorcycle,185,646,327,871
rider,186,468,275,654
rider,157,486,364,793
motorcycle,4,750,129,960
rider,2,847,87,960
vehicle fallback,568,388,666,494
truck,753,238,1028,556
autorickshaw,645,384,747,486
motorcycle,555,486,598,546
rider,546,431,598,515
rider,616,432,654,486
car,623,466,876,698
rider,623,436,688,527
motorcycle,283,542,493,875
rider,293,457,471,800
autorickshaw,767,444,809,514
truck,652,395,776,518
vehicle fallback,575,441,655,513
motorcycle,557,529,602,591
rider,554,470,597,569
rider,593,461,642,557
motorcycle,595,547,618,591
rider,647,478,694,522
car,612,519,814,679
truck,788,129,1279,726
motorcycle,354,568,505,804
rider,364,503,491,762
vehicle fallback,1,427,120,541
vehicle fallback,447,406,598,595
car,575,375,743,606
truck,726,223,1120,635
motorcycle,633,512,651,522
rider,648,461,697,526
rider,662,464,734,523
car,541,514,975,891
motorcycle,458,522,500,603
rider,455,453,514,564
rider,481,449,563,618
motorcycle,190,569,514,964
rider,235,464,503,959
car,447,427,567,585
car,538,397,705,662
car,704,486,737,538
car,715,484,847,560
truck,796,1,1280,806
motorcycle,600,532,623,549
rider,609,479,665,565
rider,618,490,707,566
car,502,558,1017,964
motorcycle,425,534,524,696
rider,400,484,461,608
rider,389,494,435,643
rider,441,482,510,660
vehicle fallback,1,466,87,567
motorcycle,35,671,392,964
rider,45,519,367,961
truck,583,441,609,470
car,501,425,600,571
motorcycle,442,510,521,628
rider,450,464,515,591
rider,450,479,510,587
motorcycle,536,501,595,568
rider,539,480,575,560
motorcycle,539,509,607,601
rider,544,474,601,574
motorcycle,594,507,666,609
rider,591,464,662,586
autorickshaw,657,462,765,580
vehicle fallback,800,429,964,574
rider,919,474,956,554
rider,906,484,939,541
car,903,487,1250,751
car,513,565,1280,964
motorcycle,1,595,236,964
rider,6,492,225,902
truck,634,463,662,495
car,595,471,638,528
motorcycle,791,517,826,577
rider,791,496,819,560
motorcycle,596,505,621,542
rider,595,487,620,527
motorcycle,565,510,600,559
rider,565,485,598,543
motorcycle,487,526,552,630
rider,487,492,547,607
car,545,539,831,780
truck,631,450,661,488
autorickshaw,593,457,631,512
motorcycle,675,488,694,507
rider,676,472,693,497
motorcycle,598,500,620,527
rider,596,476,619,515
motorcycle,555,508,583,555
rider,552,476,582,534
motorcycle,471,511,546,626
rider,475,488,538,597
car,584,509,845,732
truck,630,447,663,490
autorickshaw,593,456,629,514
motorcycle,706,491,724,518
rider,703,475,724,501
motorcycle,541,512,574,564
rider,536,476,575,535
motorcycle,604,500,619,522
rider,599,477,622,505
motorcycle,459,522,526,633
rider,460,489,525,618
car,653,515,885,693
truck,637,451,679,508
car,602,474,638,518
car,653,509,847,668
motorcycle,816,518,844,562
rider,807,482,843,531
rider,815,501,838,527
motorcycle,602,496,623,534
rider,599,483,622,522
motorcycle,535,512,586,590
rider,560,487,585,554
rider,538,478,586,569
motorcycle,430,533,522,678
rider,436,492,508,642
autorickshaw,569,472,600,511
truck,611,430,675,508
car,618,497,776,625
motorcycle,566,499,583,525
rider,565,482,589,519
rider,432,468,481,551
motorcycle,430,532,550,723
rider,439,489,547,695
autorickshaw,554,464,578,505
truck,609,401,694,516
motorcycle,540,501,557,530
rider,535,479,562,511
car,539,493,663,592
motorcycle,355,565,512,848
rider,355,500,508,783
vehicle fallback,615,485,631,502
autorickshaw,555,477,588,511
motorcycle,539,497,558,526
rider,538,489,560,516
car,550,499,624,557
motorcycle,17,632,279,942
rider,36,515,274,941
vehicle fallback,581,488,602,507
autorickshaw,517,483,549,499
rider,494,493,510,518
car,492,500,556,548
autorickshaw,665,469,695,495
motorcycle,645,499,654,519
rider,642,484,658,505
car,648,490,702,533
vehicle fallback,731,476,752,504
vehicle fallback,602,451,633,482
bicycle,580,491,589,515
rider,573,469,593,505
autorickshaw,607,466,624,496
car,656,476,703,512
motorcycle,610,490,634,514
rider,615,471,638,499
autorickshaw,597,489,622,522
car,641,496,685,533
bicycle,566,516,585,542
rider,565,490,585,529
motorcycle,618,518,643,540
rider,618,496,640,534
car,552,470,566,485
car,603,478,638,507
autorickshaw,561,462,590,503
bicycle,495,514,516,563
rider,492,468,524,549
motorcycle,577,498,605,526
rider,581,474,603,516
vehicle fallback,557,463,582,488
car,588,480,622,508
motorcycle,556,507,581,532
car,582,477,601,489
rider,560,482,567,492
rider,550,483,579,523
bicycle,427,564,462,650
rider,408,477,467,630
car,619,475,637,491
car,566,482,605,515
autorickshaw,641,472,670,504
motorcycle,622,507,656,542
car,666,480,701,510
rider,628,478,658,536
motorcycle,872,507,919,584
rider,873,484,917,563
autorickshaw,556,457,590,505
truck,603,435,646,499
autorickshaw,693,469,737,517
person,593,475,603,505
person,1002,461,1037,556
person,1040,463,1064,551
autorickshaw,879,471,1013,620
car,289,483,461,602
motorcycle,615,510,656,551
rider,610,480,651,542
autorickshaw,559,479,588,510
truck,612,434,669,514
car,581,487,609,512
autorickshaw,836,474,954,609
motorcycle,605,498,650,564
rider,606,479,649,549
autorickshaw,548,461,577,489
truck,587,455,614,483
truck,625,402,720,513
car,610,473,632,507
motorcycle,557,479,607,552
rider,557,457,603,536
car,583,487,602,505
truck,647,474,685,519
autorickshaw,598,487,626,522
car,694,500,741,570
car,613,496,651,525
motorcycle,559,520,606,599
rider,573,502,587,521
rider,558,499,606,589
truck,741,311,1040,628
autorickshaw,613,454,646,497
car,660,474,684,502
rider,726,473,744,491
motorcycle,727,485,742,508
truck,754,417,871,548
motorcycle,616,502,676,588
rider,623,480,651,515
rider,616,489,674,574
autorickshaw,550,460,581,498
car,601,469,627,498
motorcycle,763,498,804,544
rider,765,466,805,534
motorcycle,571,520,622,580
rider,578,463,600,489
rider,564,472,626,563
autorickshaw,526,470,552,504
car,577,479,603,503
motorcycle,540,509,601,611
rider,554,487,574,509
rider,535,487,600,590
autorickshaw,525,469,553,503
car,562,474,596,505
motorcycle,490,509,562,610
rider,490,491,559,594
autorickshaw,571,471,601,504
car,604,476,626,502
motorcycle,676,491,691,507
rider,676,479,691,501
motorcycle,517,506,594,619
rider,527,479,557,510
rider,517,487,588,604
autorickshaw,570,461,592,493
motorcycle,747,491,774,523
rider,744,467,773,514
car,594,472,615,492
vehicle fallback,608,468,622,485
motorcycle,520,507,594,623
rider,527,475,558,517
rider,517,483,588,602
car,593,463,614,487
autorickshaw,571,451,600,493
vehicle fallback,623,462,636,481
vehicle fallback,642,465,656,490
motorcycle,514,495,599,626
rider,537,460,557,495
rider,510,470,592,601
rider,1219,465,1259,681
rider,1245,481,1269,665
rider,1261,503,1277,564
autorickshaw,609,470,631,496
autorickshaw,567,466,605,509
car,598,482,617,501
vehicle fallback,642,473,662,505
motorcycle,671,496,696,520
rider,676,478,694,513
motorcycle,506,522,594,663
rider,521,481,555,529
rider,505,492,591,635
autorickshaw,587,455,616,489
truck,626,449,650,480
car,610,468,631,487
motorcycle,696,479,713,507
rider,694,459,713,496
motorcycle,834,501,889,584
rider,852,464,868,482
rider,829,467,896,569
motorcycle,446,514,548,672
rider,458,474,503,529
rider,443,480,544,640
truck,657,483,676,505
truck,676,475,703,510
car,652,496,670,513
autorickshaw,629,487,657,523
motorcycle,422,560,553,776
rider,430,511,546,607
rider,415,526,553,740
bus,683,451,698,480
truck,693,438,732,486
car,672,468,688,481
autorickshaw,647,461,674,494
motorcycle,495,546,633,796
rider,493,484,573,574
rider,489,498,636,742
autorickshaw,637,462,666,498
truck,667,455,685,494
truck,677,437,733,509
motorcycle,509,553,693,849
rider,514,480,610,602
rider,491,493,681,787
autorickshaw,626,462,660,492
truck,663,445,703,491
truck,695,407,795,528
motorcycle,503,558,696,885
rider,508,493,620,627
rider,489,505,691,814
motorcycle,622,472,629,481
rider,622,464,629,472
traffic sign,605,450,619,462
autorickshaw,633,451,662,486
truck,676,430,719,487
truck,804,186,1265,713
motorcycle,499,556,692,927
rider,511,484,639,669
rider,490,501,693,837
autorickshaw,623,474,648,508
autorickshaw,663,483,678,512
truck,670,436,732,516
bicycle,604,495,610,509
rider,600,486,611,501
motorcycle,469,570,669,916
rider,468,486,583,616
rider,456,508,657,853
car,605,478,629,506
person,593,485,602,505
person,575,489,588,516
traffic sign,553,461,573,476
autorickshaw,727,474,816,575
motorcycle,451,573,633,902
rider,443,495,595,691
rider,427,511,641,823
truck,817,204,1280,694
truck,585,484,620,528
autorickshaw,558,495,582,522
autorickshaw,605,504,623,526
rider,553,505,562,522
rider,535,504,548,525
motorcycle,539,516,553,534
traffic sign,499,476,521,495
rider,414,500,564,710
rider,381,520,599,834
motorcycle,398,585,603,931
autorickshaw,516,450,544,484
truck,634,418,711,505
autorickshaw,666,459,716,517
bicycle,546,476,553,490
rider,544,459,554,481
motorcycle,505,496,524,530
rider,492,472,520,527
traffic sign,331,394,388,452
motorcycle,274,592,499,945
rider,273,503,412,636
rider,266,514,499,907
autorickshaw,509,452,530,487
car,561,458,594,490
bicycle,557,479,570,497
rider,556,460,566,486
truck,720,354,905,583
autorickshaw,849,448,1015,650
motorcycle,458,518,494,577
rider,447,476,502,559
motorcycle,286,586,538,944
rider,307,481,425,620
rider,281,504,525,903
autorickshaw,473,464,494,485
car,595,460,643,507
bicycle,505,486,519,508
rider,506,469,520,497
motorcycle,40,575,208,807
rider,43,503,199,807
motorcycle,307,588,593,944
rider,334,491,460,656
rider,319,505,568,922
bicycle,478,490,488,512
rider,475,472,489,497
autorickshaw,513,468,546,503
car,718,466,892,616
motorcycle,251,592,504,946
rider,260,493,404,679
rider,238,513,503,928
bicycle,484,483,493,507
autorickshaw,605,460,657,508
rider,475,462,497,495
motorcycle,189,580,460,962
rider,230,479,346,669
rider,190,515,436,901
bicycle,479,503,494,535
rider,474,480,496,529
autorickshaw,910,468,1168,738
motorcycle,171,598,408,947
rider,216,501,388,707
rider,145,525,406,915
autorickshaw,357,455,381,479
bicycle,462,497,483,535
rider,458,461,487,518
motorcycle,214,587,453,942
rider,262,495,429,680
rider,202,511,444,903
autorickshaw,407,464,431,489
truck,457,448,489,485
bicycle,440,517,471,573
rider,435,468,473,566
motorcycle,119,600,344,942
rider,160,501,327,709
rider,109,513,350,885
truck,529,446,563,494
truck,481,444,537,502
bicycle,383,564,413,657
rider,370,472,432,630
motorcycle,214,665,430,941
rider,253,511,406,723
rider,195,526,430,875
car,618,474,640,499
truck,581,441,620,512
truck,518,429,595,516
bicycle,1,653,154,945
rider,1,455,143,920
motorcycle,375,569,608,939
rider,390,496,484,612
rider,368,511,601,868
truck,698,388,889,565
motorcycle,314,582,534,884
rider,369,487,430,580
rider,308,515,491,836
car,768,480,816,550
truck,795,291,1093,618
motorcycle,525,546,687,821
rider,538,473,631,590
rider,507,497,685,782
autorickshaw,904,484,933,522
motorcycle,862,513,881,533
rider,863,492,883,527
motorcycle,448,562,627,833
rider,469,483,562,588
rider,437,496,622,788
autorickshaw,710,480,732,510
bicycle,691,492,695,501
rider,690,485,696,496
motorcycle,255,590,483,944
rider,310,509,453,689
rider,243,526,471,880
bicycle,590,508,595,517
rider,589,502,595,513
car,605,499,616,514
autorickshaw,607,497,630,522
motorcycle,35,631,131,944
rider,1,599,110,732
rider,0,620,74,940
vehicle fallback,548,486,561,500
autorickshaw,573,484,596,508
autorickshaw,448,470,471,498
car,485,479,517,504
vehicle fallback,435,475,445,495
autorickshaw,608,480,634,515
car,673,497,717,535
vehicle fallback,662,492,676,506
autorickshaw,577,469,604,501
bicycle,559,487,565,500
rider,555,476,562,489
vehicle fallback,629,476,650,492
car,715,486,848,592
truck,572,454,604,484
vehicle fallback,626,456,650,484
vehicle fallback,535,457,551,481
autorickshaw,641,471,671,501
autorickshaw,693,475,715,500
bicycle,568,501,585,522
rider,566,475,581,505
motorcycle,746,495,797,562
rider,747,480,763,542
rider,752,482,791,550
autorickshaw,682,479,711,515
autorickshaw,747,488,777,523
bicycle,599,525,613,557
rider,592,491,619,545
autorickshaw,657,474,688,511
autorickshaw,804,482,862,557
bicycle,579,529,608,598
rider,572,481,616,587
autorickshaw,503,464,533,503
motorcycle,757,502,796,548
bicycle,37,627,194,935
rider,18,471,187,798
autorickshaw,574,472,610,508
motorcycle,1049,508,1142,626
motorcycle,521,489,556,535
person,470,485,496,540
motorcycle,480,486,541,569
person,383,469,424,572
vehicle fallback,654,467,677,487
autorickshaw,587,460,625,507
vehicle fallback,636,474,646,493
vehicle fallback,581,480,595,501
autorickshaw,549,464,583,507
motorcycle,1,570,113,942
vehicle fallback,685,487,708,505
motorcycle,643,502,652,511
rider,642,491,653,508
autorickshaw,611,477,645,525
autorickshaw,664,474,702,519
vehicle fallback,714,478,736,498
autorickshaw,705,472,742,514
bicycle,691,491,701,509
rider,691,480,700,503
vehicle fallback,669,452,684,474
autorickshaw,688,448,721,492
bicycle,654,473,666,492
rider,651,457,665,485
vehicle fallback,598,467,613,485
autorickshaw,614,455,654,511
bicycle,589,491,600,512
rider,588,467,604,500
vehicle fallback,561,470,573,485
autorickshaw,569,461,607,507
bicycle,544,494,558,525
rider,539,466,561,514
bus,587,496,609,523
autorickshaw,557,487,598,541
motorcycle,633,516,646,529
rider,631,504,647,525
bicycle,427,562,459,642
rider,416,501,466,629
bus,588,485,616,514
autorickshaw,554,481,595,533
motorcycle,656,509,677,535
rider,656,494,676,531
bus,641,479,678,520
autorickshaw,596,474,647,536
motorcycle,831,521,892,623
rider,827,487,889,600
autorickshaw,618,467,658,526
bus,675,458,728,512
car,656,491,673,507
car,679,471,694,490
autorickshaw,634,448,680,501
vehicle fallback,711,475,728,494
bus,725,418,810,516
autorickshaw,608,467,650,510
car,655,480,678,507
motorcycle,729,477,747,503
rider,726,461,747,497
bus,980,190,1278,804
car,642,498,662,522
autorickshaw,609,494,648,545
car,670,502,720,546
motorcycle,1007,518,1099,646
rider,1006,485,1040,603
rider,1025,466,1083,609
vehicle fallback,608,491,635,510
car,648,508,683,535
car,700,514,770,567
car,789,526,919,632
autorickshaw,597,504,648,557
vehicle fallback,591,435,619,455
car,672,461,728,516
autorickshaw,583,447,629,504
car,1108,529,1280,813
autorickshaw,598,459,651,529
car,1029,502,1279,795
autorickshaw,602,441,655,509
autorickshaw,608,460,632,484
autorickshaw,560,444,617,516
car,630,475,646,489
autorickshaw,653,475,685,509
autorickshaw,553,460,626,551
autorickshaw,571,455,658,573
motorcycle,673,491,683,504
rider,672,482,684,501
autorickshaw,691,488,737,539
car,374,460,400,490
truck,395,405,489,521
animal,317,485,382,596
animal,2,668,175,963
animal,150,602,359,962
animal,380,716,607,960
animal,842,605,1278,963
truck,0,406,66,538
animal,119,638,587,960
truck,79,451,107,556
truck,4,401,97,581
truck,1156,342,1278,604
animal,946,526,1063,686
truck,519,487,542,517
truck,573,426,619,523
truck,612,411,721,562
bus,700,313,1107,677
car,590,497,622,555
person,492,508,527,562
motorcycle,437,511,479,554
car,616,439,647,471
truck,672,393,742,485
car,689,436,743,513
car,720,448,798,536
person,545,443,567,506
motorcycle,454,466,525,517
rider,470,454,493,507
car,257,433,355,500
person,397,463,429,541
bicycle,616,470,632,521
rider,597,454,630,528
car,188,491,217,540
person,211,497,251,558
truck,758,254,1110,604
autorickshaw,1190,447,1275,766
car,228,527,371,592
person,377,556,399,629
person,143,594,180,638
person,163,597,218,668
person,530,539,551,594
motorcycle,474,551,534,604
rider,466,542,503,603
car,592,536,613,555
bus,615,523,649,559
truck,672,483,750,576
truck,699,515,784,614
car,727,527,865,644
truck,810,224,1280,789
person,649,534,661,565
bicycle,608,563,630,620
rider,589,547,618,615
car,569,459,589,479
bus,623,444,659,490
truck,665,400,775,522
truck,743,427,880,568
truck,654,435,668,498
truck,741,426,890,568
car,813,457,1090,690
truck,1066,1,1280,710
bicycle,572,484,589,534
rider,549,466,584,534
person,513,463,531,523
motorcycle,423,478,483,531
rider,419,460,440,525
person,326,476,350,553
person,296,474,311,539
car,174,442,325,513
person,55,508,93,566
person,84,516,134,597
